company,year,salary,university,term,location,bonus,role,arrangement
1password,2023,50.0,University of Waterloo,4.0,,0.0,Unreported,
Abbott,2023,22.05,University of Waterloo,2.0,,0.0,Unreported,
Abnormal Security,2024,70.38,University of Waterloo,,,6900.0,Unreported,
Accedo,2022,26.0,University of Waterloo,3.0,,0.0,Unreported,
Achievers,2024,22.5,University of Waterloo,,,0.0,Unreported,
Addepar,2024,40.0,University of Waterloo,,,0.0,Unreported,
Addepar,2022,48.0,University of Waterloo,5.0,,0.0,Unreported,
AdHawk Microsystems,2024,40.0,University of Waterloo,5.0,,0.0,Algorithms Developer,
ADP,2022,44.0,University of Waterloo,,,0.0,Unreported,
AGF,2023,25.0,University of Waterloo,2.0,,0.0,Web Developer (Junior),
AI Arena,2024,45.0,University of Waterloo,,,0.0,Unreported,
Akuna Capital,2023,89.7,University of Waterloo,,,0.0,Unreported,
Altice,2024,35.0,University of Waterloo,6.0,,0.0,Unreported,
Amazon,2024,79.52,University of Waterloo,,,13386.0,Unreported,
AMD,2024,27.0,University of Waterloo,,,0.0,Unreported,
AMD,2024,21.88,University of Waterloo,4.0,,0.0,Unreported,
AMD,2022,29.33,University of Waterloo,6.0,,0.0,Unreported,
American Express,2024,34.5,University of Waterloo,,,0.0,Unreported,
Apple,2023,34.0,University of Waterloo,,,7728.0,Unreported,
Apple,2022,37.0,University of Waterloo,4.0,,7452.0,Unreported,
Apple,2023,44.0,University of Waterloo,6.0,,5520.0,Product Design,
Apple,2024,57.96,University of Waterloo,4.0,,18409.8,Hardware,
Apple,2024,57.96,University of Waterloo,,,5520.0,System Level Test Engineer,
Arctic Wolf,2023,36.0,University of Waterloo,3.0,,0.0,Unreported,
Arctic Wolf,2023,42.0,University of Waterloo,4.0,,0.0,Unreported,
Arctic Wolf,2024,38.0,University of Waterloo,4.0,,0.0,Unreported,
Aterlo Networks,2023,30.0,University of Waterloo,4.0,,0.0,Unreported,
Athelas,2023,45.54,University of Waterloo,2.0,,6624.0,Unreported,
Athos,2023,43.13,University of Waterloo,,,0.0,Unreported,
Atolio,2022,34.0,University of Waterloo,3.0,,0.0,Unreported,
Atolio,2022,38.0,University of Waterloo,4.0,,0.0,Unreported,
Atolio,2023,38.0,University of Waterloo,5.0,,0.0,Unreported,
Atolio,2023,42.0,University of Waterloo,6.0,,0.0,Unreported,
ATS Corporation,2022,28.0,University of Waterloo,7.0,,0.0,Unreported,
Autodesk,2023,33.0,University of Waterloo,4.0,,0.0,Unreported,
Autodesk,2024,34.0,University of Waterloo,5.0,,0.0,Unreported,
Autonomic,2022,39.0,University of Waterloo,4.0,,0.0,Unreported,
Autonomic,2022,41.0,University of Waterloo,5.0,,0.0,Unreported,
Axonify,2024,27.5,University of Waterloo,4.0,,0.0,Unreported,
Bank of America,2024,22.0,University of Waterloo,2.0,,0.0,Unreported,
Bank of America,2024,20.0,University of Waterloo,1.0,,0.0,Unreported,
BDO,2024,34.36,University of Waterloo,,,0.0,Unreported,
BDO,2023,25.0,University of Waterloo,2.0,,0.0,Unreported,
BDO,2024,32.0,University of Waterloo,3.0,,0.0,Unreported,
Bentley Systems,2023,30.0,University of Waterloo,1.0,,0.0,Unreported,
Bentley Systems,2023,33.0,University of Waterloo,2.0,,0.0,Unreported,
BetterUp,2023,73.32,University of Waterloo,,,0.0,Unreported,
Bitbuy,2024,20.0,University of Waterloo,1.0,,0.0,Unreported,
Bitgo,2024,86.25,University of Waterloo,,,0.0,Unreported,
Blackberry,2022,21.0,University of Waterloo,,,0.0,Unreported,
bld.ai,2024,60.38,University of Waterloo,,,0.0,Unreported,
Bloomberg,2022,48.0,University of Waterloo,5.0,,5100.0,Unreported,
Bloq,2024,46.58,University of Waterloo,2.0,,5244.0,Unreported,
Bloq,2024,53.48,University of Waterloo,3.0,,5244.0,Unreported,
Bluescape,2022,34.0,University of Waterloo,6.0,,0.0,Unreported,
BMO,2022,24.0,University of Waterloo,2.0,,0.0,Business Analyst,
BMO,2024,28.0,University of Waterloo,2.0,,0.0,Product Analyst,
BMO,2023,29.5,University of Waterloo,1.0,,0.0,Software Developer,
Bolt,2022,77.28,University of Waterloo,,,0.0,Unreported,
Bonfire Interactive,2023,24.0,University of Waterloo,2.0,,0.0,Unreported,
Boosted.AI,2023,35.0,University of Waterloo,,,0.0,Unreported,
Borrowell,2023,35.0,University of Waterloo,5.0,,0.0,Unreported,
Brookfield Annuity,2022,35.0,University of Waterloo,,,0.0,Unreported,
Brookfield Renewables,2023,26.0,University of Waterloo,,,0.0,Unreported,
BusPlanner,2024,,University of Waterloo,,,0.0,Unreported,
CAAT Pension Plan,2022,18.0,University of Waterloo,2.0,,0.0,Unreported,
Canadian Food Inspection Agency,2023,24.77,University of Waterloo,5.0,,0.0,Full Stack Dev,
Canix,2024,55.2,University of Waterloo,,,5520.0,Unreported,
Capco,2024,27.5,University of Waterloo,,,0.0,Unreported,
Capital1,2025,40.0,University of Waterloo,5.0,,1000.0,Unreported,
Carta,2022,30.75,University of Waterloo,4.0,,0.0,Software Engineer,
Carta,2024,32.5,University of Waterloo,,,0.0,Software Engineer,
Carta,2024,40.0,University of Waterloo,4.0,,0.0,Android Engineering,
Carta,2024,47.0,University of Waterloo,5.0,,0.0,Android Engineering,
Carfax,2024,26.0,University of Waterloo,2.0,,0.0,Dev,
Castleton Commodities,2023,38.0,University of Waterloo,,,0.0,Unreported,
CEGN,2022,22.5,University of Waterloo,,,0.0,Unreported,
C.E. McMahon Professional Corporation,2023,19.0,University of Waterloo,,,0.0,Unreported,
Cepton,2023,35.0,University of Waterloo,,,2760.0,Unreported,
Cerebras Systems,2023,38.0,University of Waterloo,,,0.0,Unreported,
Ceridian,2023,32.0,University of Waterloo,3.0,,0.0,Unreported,
Ceridian,2023,22.0,University of Waterloo,,,0.0,Marketing Coordinator,
CGI,2023,18.0,University of Waterloo,3.0,,0.0,Unreported,
Chisel.ai,2023,40.0,University of Waterloo,5.0,,0.0,Unreported,
Christie Digital Systems,2023,18.0,University of Waterloo,1.0,,0.0,Unreported,
CIBC,2023,25.0,University of Waterloo,,,0.0,Unreported,
Cisco,2022,67.0,University of Waterloo,,,10000.0,Unreported,
Citadel,2024,464.37,University of Waterloo,,,0.0,Unreported,
Citibank,2024,44.0,University of Waterloo,,,2000.0,Unreported,
Cockroach Labs,2023,69.0,University of Waterloo,,,1500.0,Unreported,
CodeWithChris,2023,20.0,University of Waterloo,1.0,,0.0,Unreported,
Cohere,2023,35.0,University of Waterloo,,,0.0,Unreported,
Cohesity,2023,49.0,University of Waterloo,,,0.0,Unreported,
Coinbase,2023,50.0,University of Waterloo,,,0.0,Unreported,
Coinsquare,2023,28.0,University of Waterloo,1.0,,0.0,Unreported,
Coinsquare,2024,44.0,University of Waterloo,5.0,,0.0,Unreported,
Composer.trade,2024,77.63,University of Waterloo,,,2760.0,Unreported,
Compound,2024,87.98,University of Waterloo,,,0.0,Unreported,
Connected,2023,37.0,University of Waterloo,6.0,,0.0,Unreported,
Constant Contact,2023,35.0,University of Waterloo,4.0,,0.0,Unreported,
The Co-operators,2024,21.0,University of Waterloo,1.0,,0.0,Unreported,
Core Avionics,2022,20.0,University of Waterloo,1.0,,0.0,Unreported,
Core Avionics,2023,30.0,University of Waterloo,,,0.0,Unreported,
Coursera,2022,60.38,University of Waterloo,,,0.0,Unreported,
Cover Technologies Inc,2022,41.4,University of Waterloo,,,0.0,Unreported,
CPP Investments,2024,37.0,University of Waterloo,2.0,,2800.0,Software Engineer,
CPP Investments,2024,34.0,University of Waterloo,3.0,,0.0,Intern Engineer,
CPP Investments,2024,48.0,University of Waterloo,4.0,,0.0,Intern Analyst,
Crawford and Co,2022,20.0,University of Waterloo,,,0.0,Business Analyst,
Cresta,2025,40.0,University of Waterloo,5.0,,0.0,Unreported,
Creospark,2023,18.0,University of Waterloo,,,0.0,Unreported,
Crypto4a,2024,40.0,University of Waterloo,6.0,,0.0,Software Engineer,
Cube Group,2024,103.5,University of Waterloo,,,0.0,Unreported,
Curinos,2024,34.0,University of Waterloo,3.0,,0.0,Unreported,
D2L,2022,28.0,University of Waterloo,,,0.0,Unreported,
Databrick,2023,55.0,University of Waterloo,,,7176.0,Unreported,
Datadog,2022,40.0,University of Waterloo,,,11040.0,Unreported,
data.world,2022,48.3,University of Waterloo,,,552.0,Unreported,
Deep Genomics,2022,28.85,University of Waterloo,,,0.0,Unreported,
DeepHaven,2024,35.0,University of Waterloo,,,0.0,Unreported,
Deloitte,2022,26.5,University of Waterloo,,,0.0,Unreported,
Digital Extremes,2024,20.0,University of Waterloo,2.0,,0.0,Marketing,
DocuSign,2022,52.0,University of Waterloo,,,0.0,Unreported,
Draper,2022,35.0,University of Waterloo,,,0.0,Unreported,
Dreamschools,2022,21.5,University of Waterloo,,,0.0,Unreported,
Dropbase,2024,37.5,University of Waterloo,,,0.0,Unreported,
Dropbase,2022,29.0,University of Waterloo,3.0,,0.0,Unreported,
Dropbase,2022,31.0,University of Waterloo,5.0,,0.0,Unreported,
DRW,2024,36.0,University of Waterloo,,,0.0,Unreported,
Durovac,2024,23.0,University of Waterloo,4.0,,0.0,Unreported,
Ecobee,2024,38.5,University of Waterloo,4.0,,0.0,Unreported,
Ecobee,2024,43.0,University of Waterloo,5.0,,0.0,Unreported,
Ecompliance,2024,26.0,University of Waterloo,4.0,,0.0,Unreported,
Elekta,2022,27.0,University of Waterloo,2.0,,0.0,Unreported,
Embark Trucks,2024,86.25,University of Waterloo,,,0.0,Unreported,
Enzuzo,2024,28.0,University of Waterloo,3.0,,0.0,Fullstack,
The Empire Life Insurance Company,2024,25.0,University of Waterloo,,,0.0,Unreported,
Enlighted Inc,2022,36.0,University of Waterloo,5.0,,0.0,Unreported,
Eon Media,2024,32.78,University of Waterloo,4.0,,0.0,Unreported,
Equifax D&A,2022,22.0,University of Waterloo,1.0,,0.0,Unreported,
Equitable Life Insurance Company,2023,20.0,University of Waterloo,,,0.0,Unreported,
Equitable Life Insurance Company,2024,23.0,University of Waterloo,2.0,,0.0,Unreported,
ESCRYPT,2023,26.0,University of Waterloo,3.0,,0.0,Unreported,
ESCRYPT,2022,30.0,University of Waterloo,4.0,,0.0,Unreported,
eSentire,2024,24.5,University of Waterloo,,,0.0,Unreported,
ETHGlobal,2024,77.63,University of Waterloo,,,2760.0,Unreported,
EY,2022,28.0,University of Waterloo,3.0,,0.0,Unreported,
Faire,2024,44.0,University of Waterloo,5.0,,0.0,Engineering,
Fleet Complete,2023,26.0,University of Waterloo,3.0,,0.0,Unreported,
Fleet Complete,2022,32.0,University of Waterloo,5.0,,0.0,Unreported,
Fleet Labs,2024,26.0,University of Waterloo,,,0.0,Unreported,
Flex AI,2024,43.13,University of Waterloo,,,0.0,Unreported,
The Flight Deck,2023,23.0,University of Waterloo,,,0.0,Unreported,
Flipp,2022,27.05,University of Waterloo,,,0.0,Unreported,
Float,2024,50.0,University of Waterloo,,,0.0,Unreported,
Ford,2024,31.0,University of Waterloo,,,0.0,Software Engineer,
Forethought AI,2023,60.38,University of Waterloo,,,0.0,Unreported,
Freshbooks,2024,33.0,University of Waterloo,5.0,,0.0,Unreported,
Freshbooks,2024,33.65,University of Waterloo,,,0.0,Unreported,
Friendlier,2024,17.0,University of Waterloo,4.0,,0.0,Unreported,
Fuego Studios,2024,35.0,University of Waterloo,1.0,,0.0,Unreported,
Geotab,2022,30.0,University of Waterloo,3.0,,0.0,Unreported,
Get ResQ,2024,43.0,University of Waterloo,5.0,,0.0,Unreported,
Green Infrastructure Program,2024,31.0,University of Waterloo,6.0,,0.0,Unreported,
Glu,2022,30.0,University of Waterloo,4.0,,0.0,Unreported,
Glu,2024,25.0,University of Waterloo,2.0,,0.0,Unreported,
GoDaddy,2024,59.34,University of Waterloo,,,0.0,Unreported,
Google,2023,58.65,University of Waterloo,,,8280.0,Unreported,
groq,2024,37.0,University of Waterloo,1.0,,0.0,Unreported,
groq,2022,38.5,University of Waterloo,,,0.0,Unreported,
groq,2022,42.0,University of Waterloo,6.0,,0.0,Unreported,
Gsoft,2023,40.0,University of Waterloo,4.0,,0.0,Unreported,
H2Analytics,2024,23.0,University of Waterloo,,,0.0,Unreported,
Halp,2024,38.0,University of Waterloo,3.0,,0.0,Unreported,
Hatch Credit,2023,73.32,University of Waterloo,,,0.0,Unreported,
Havas CX,2024,30.0,University of Waterloo,4.0,,0.0,Software Engineering,
HeadSpin,2024,32.0,University of Waterloo,3.0,,0.0,Unreported,
Healthcare Systems R&A,2023,18.0,University of Waterloo,,,0.0,Unreported,
High Q Technologies,2024,25.0,University of Waterloo,3.0,,0.0,Unreported,
Hockeystick,2022,21.0,University of Waterloo,1.0,,0.0,Unreported,
Home Depot,2024,20.0,University of Waterloo,2.0,,0.0,Dev,
HomeX,2024,30.0,University of Waterloo,,,0.0,Unreported,
HomeX,2023,33.0,University of Waterloo,3.0,,0.0,Unreported,
HOOPP (Health Care of Ontario Pension Plan),2023,22.25,University of Waterloo,2.0,,0.0,Unreported,
Horizon Studio,2023,27.0,University of Waterloo,3.0,,0.0,Unreported,
Huawei,2025,36.0,University of Waterloo,5.0,,0.0,Unreported,
HubSpot,2022,71.76,University of Waterloo,,,0.0,Unreported,
IBM,2024,26.5,University of Waterloo,,,0.0,Unreported,
IBM,2024,29.5,University of Waterloo,4.0,,0.0,Unreported,
IBM,2024,36.0,University of Waterloo,,,0.0,Unreported,
IBM,2023,32.0,University of Waterloo,4.0,,0.0,Product Design,
Imagine Communications Corp,2022,21.0,University of Waterloo,1.0,,0.0,Unreported,
Imagine Communications Corp,2022,24.0,University of Waterloo,2.0,,0.0,Unreported,
Imagine Communications Corp,2023,26.0,University of Waterloo,3.0,,0.0,Unreported,
Imagine Communications Corp,2022,29.0,University of Waterloo,4.0,,0.0,Unreported,
Imagine Communications Corp,2024,31.0,University of Waterloo,5.0,,0.0,Unreported,
Imagine Communications Corp,2024,33.0,University of Waterloo,6.0,,0.0,Unreported,
Index Exchange,2022,30.0,University of Waterloo,,,0.0,Unreported,
Indus AI,2024,73.32,University of Waterloo,5.0,,0.0,Unreported,
Inflight,2024,25.0,University of Waterloo,,,0.0,Unreported,
Inflight,2022,26.5,University of Waterloo,4.0,,0.0,Unreported,
Information Builders,2022,50.0,University of Waterloo,,,0.0,Unreported,
Intact,2025,43.0,University of Waterloo,5.0,,0.0,Unreported,
Intact,2024,30.5,University of Waterloo,3.0,,0.0,Unreported,
Intact,2024,32.0,University of Waterloo,2.0,,0.0,Unreported,
Intact,2024,39.0,University of Waterloo,6.0,,0.0,Unreported,
Intel,2023,33.0,University of Waterloo,,,0.0,Unreported,
Intel,2023,35.0,University of Waterloo,6.0,,0.0,Unreported,
Insticator,2023,22.5,University of Waterloo,,,0.0,Unreported,
Integrate.ai,2022,38.75,University of Waterloo,,,0.0,Unreported,
Intuit,2023,33.5,University of Waterloo,,,6900.0,Unreported,
Intuit,2022,47.0,University of Waterloo,3.0,,6900.0,Unreported,
iS5 Communications,2022,32.0,University of Waterloo,6.0,,0.0,Unreported,
ISARA,2023,30.7,University of Waterloo,3.0,,0.0,Unreported,
Itipack Systems,2022,23.0,University of Waterloo,2.0,,0.0,Mechanical Design,
Jane Street,2023,241.5,University of Waterloo,,,25668.0,Unreported,
Jobox.ai,2023,49.16,University of Waterloo,3.0,,0.0,Unreported,
Kaleidescape,2022,19.63,University of Waterloo,,,0.0,All positions,
Kambeo,2024,25.0,University of Waterloo,,,0.0,Unreported,
KeepTruckin,2023,30.0,University of Waterloo,,,0.0,Unreported,
Kiavi,2024,77.63,University of Waterloo,,,0.0,Unreported,
Kinaxis,2022,24.0,University of Waterloo,1.0,,0.0,Unreported,
Kinaxis,2024,34.0,University of Waterloo,2.0,,0.0,Unreported,
Kinaxis,2023,29.0,University of Waterloo,4.0,,0.0,Unreported,
Kodiak Robotics,2022,73.32,University of Waterloo,6.0,,0.0,Unreported,
Konrad Group,2022,51.75,University of Waterloo,,,0.0,Unreported,
LCBO,2022,27.5,University of Waterloo,,,0.0,PM,
League,2024,33.0,University of Waterloo,4.0,,0.0,Unreported,
League,2023,41.0,University of Waterloo,6.0,,0.0,Unreported,
Level,2022,112.13,University of Waterloo,,,3240.0,Unreported,
LifeWorks,2022,22.5,University of Waterloo,,,0.0,Unreported,
Lifion by Adp,2022,42.0,University of Waterloo,,,0.0,Unreported,
Linkedin,2024,75.9,University of Waterloo,,,9660.0,Unreported,
Loblaw,2024,31.0,University of Waterloo,2.0,,0.0,Data Science,
Loblaw,2023,30.0,University of Waterloo,2.0,,0.0,Data Analyst,
Mastercard Foundation,2023,19.5,University of Waterloo,1.0,,0.0,Unreported,
Mattermost,2024,29.0,University of Waterloo,,,0.0,Unreported,
Mattermost,2022,35.0,University of Waterloo,5.0,,0.0,PM,
Mattermost,2023,45.0,University of Waterloo,6.0,,0.0,PM,
Manulife,2022,25.0,University of Waterloo,,,0.0,Unreported,
Manulife,2022,26.0,University of Waterloo,4.0,,0.0,Unreported,
Mach7 Technologies,2024,25.0,University of Waterloo,3.0,,0.0,Systems/IT,
McAfee,2024,25.0,University of Waterloo,2.0,,0.0,Unreported,
Meta,2024,70.73,University of Waterloo,,,0.0,Unreported,
Metrist,2023,33.65,University of Waterloo,,,0.0,Unreported,
Microart Services,2024,26.0,University of Waterloo,1.0,,0.0,Unreported,
Microsoft,2024,63.48,University of Waterloo,,,18768.0,Unreported,
Milliman,2024,41.4,University of Waterloo,,,8970.0,Actuarial Analyst,
Molex,2024,23.0,University of Waterloo,2.0,,0.0,Unreported,
Molex,2023,25.0,University of Waterloo,4.0,,0.0,Unreported,
MotoInsight,2022,25.88,University of Waterloo,,,0.0,Unreported,
Motorola Solutions,2024,37.0,University of Waterloo,5.0,,0.0,Product Design,
Moveworks,2022,81.94,University of Waterloo,,,2760.0,Unreported,
Mozilla,2024,30.0,University of Waterloo,,,0.0,Unreported,
Munich Re,2024,27.5,University of Waterloo,,,1500.0,Unreported,
NASDAQ,2023,28.0,University of Waterloo,,,0.0,Unreported,
Newfront Insurance,2022,90.0,University of Waterloo,6.0,,0.0,Unreported,
Nextroll,2023,57.0,University of Waterloo,,,331.2,Unreported,
Nissan,2023,21.0,University of Waterloo,,,0.0,Unreported,
Nokia,2024,25.0,University of Waterloo,4.0,,0.0,Unreported,
Nokia,2023,33.0,University of Waterloo,5.0,,0.0,Unreported,
Noom,2024,64.86,University of Waterloo,,,8280.0,Unreported,
Norm Li,2022,25.0,University of Waterloo,,,0.0,Unreported,
Nvidia,2022,36.0,University of Waterloo,5.0,,0.0,Unreported,
Nvidia,2022,30.5,University of Waterloo,3.0,,3450.0,Unreported,
Nvidia,2022,33.0,University of Waterloo,4.0,,3450.0,Unreported,
Nvidia,2024,34.5,University of Waterloo,4.0,,3450.0,Unreported,
Nvidia,2022,36.0,University of Waterloo,5.0,,3450.0,Unreported,
NuraLogix,2023,28.0,University of Waterloo,3.0,,0.0,Unreported,
Nuro,2023,77.63,University of Waterloo,,,4140.0,Unreported,
Nuvalence,2023,55.0,University of Waterloo,5.0,,0.0,Unreported,
Nuvalence,2024,60.0,University of Waterloo,,,0.0,Unreported,
Nuvation,2023,33.75,University of Waterloo,3.0,,0.0,Unreported,
OANDA,2022,23.08,University of Waterloo,2.0,,0.0,Unreported,
OANDA,2022,31.25,University of Waterloo,5.0,,0.0,Unreported,
Okta,2022,42.5,University of Waterloo,,,0.0,Unreported,
OLG,2024,23.0,University of Waterloo,1.0,,0.0,Unreported,
OMERS,2024,24.0,University of Waterloo,,,0.0,Unreported,
OMERS,2023,28.0,University of Waterloo,4.0,,0.0,Unreported,
Onsemi,2023,30.29,University of Waterloo,,,0.0,Unreported,
Ontario Institute for Cancer Research,2022,18.6,University of Waterloo,1.0,,0.0,Unreported,
Ontario Institute for Cancer Research,2023,21.0,University of Waterloo,2.0,,0.0,Unreported,
Ontario Ministry of Health,2023,17.27,University of Waterloo,1.0,,0.0,Unreported,
Ontario Ministry of Health,2024,18.42,University of Waterloo,2.0,,0.0,Unreported,
OpenText,2024,21.0,University of Waterloo,2.0,,0.0,Unreported,
OpenText,2024,30.25,University of Waterloo,3.0,,0.0,Unreported,
OPSEU Pension Trust,2024,25.5,University of Waterloo,,,0.0,Unreported,
Oracle,2024,35.0,University of Waterloo,3.0,,0.0,Unreported,
Oracle,2024,40.0,University of Waterloo,4.0,,0.0,Unreported,
Penfield.AI,2022,35.0,University of Waterloo,,,0.0,Unreported,
Pepsico,2024,22.0,University of Waterloo,,,0.0,Unreported,
Pienso,2025,67.0,University of Waterloo,5.0,,0.0,Unreported,
PlayStation,2023,31.0,University of Waterloo,2.0,,0.0,Unreported,
PointClickCare,2023,28.5,University of Waterloo,2.0,,0.0,Unreported,
Pratt and Whitney,2024,22.0,University of Waterloo,1.0,,0.0,Quality Engineering (Engine Control),
primer.ai,2022,50.0,University of Waterloo,4.0,,0.0,Unreported,
Prodigy Education,2023,33.0,University of Waterloo,5.0,,0.0,Unreported,
Questrade,2024,21.0,University of Waterloo,1.0,,0.0,Unreported,
Radix Labs,2023,34.5,University of Waterloo,,,0.0,Unreported,
Railvision Analytics,2023,30.0,University of Waterloo,3.0,,0.0,Unreported,
Raposa Research,2024,138.0,University of Waterloo,,,0.0,Unreported,
RBC,2024,22.0,University of Waterloo,2.0,,0.0,Business Analyst,
RBC,2022,28.0,University of Waterloo,,,0.0,Data Analyst,
RBC,2022,30.0,University of Waterloo,1.0,,0.0,Risk Management,
RBC,2024,30.75,University of Waterloo,3.0,,0.0,SWDE,
Reebee,2024,27.4,University of Waterloo,,,0.0,Unreported,
Relay Financial,2023,35.0,University of Waterloo,,,0.0,Unreported,
Relic Entertainment,2022,25.0,University of Waterloo,2.0,,0.0,Unreported,
Remitbee,2024,20.0,University of Waterloo,3.0,,0.0,Unreported,
Replicant Inc,2024,36.0,University of Waterloo,4.0,,0.0,Unreported,
ResQ,2024,36.0,University of Waterloo,5.0,,0.0,Unreported,
Ritual,2022,20.0,University of Waterloo,1.0,,0.0,QA,
Ritual,2023,46.0,University of Waterloo,6.0,,0.0,Unreported,
Robinhood,2024,66.24,University of Waterloo,,,11040.0,Unreported,
Roblox,2024,77.28,University of Waterloo,,,11040.0,Unreported,
Roblox,2024,85.56,University of Waterloo,,,11040.0,Unreported,
Roblox,2024,82.8,University of Waterloo,,,11040.0,Unreported,
Rocscience,2022,24.0,University of Waterloo,,,0.0,Unreported,
Rogers,2022,22.5,University of Waterloo,,,0.0,Unreported,
Rogers,2024,25.75,University of Waterloo,2.0,,0.0,Unreported,
Roo,2024,48.3,University of Waterloo,4.0,,0.0,Software Engineer,
Sagen,2022,23.0,University of Waterloo,2.0,,0.0,Unreported,
Sagen,2022,25.0,University of Waterloo,3.0,,0.0,Unreported,
Samsung Research America,2023,53.82,University of Waterloo,,,12420.0,Unreported,
SAP,2022,24.0,University of Waterloo,2.0,,0.0,Unreported,
SAP,2024,40.0,University of Waterloo,1.0,,0.0,Unreported,
Scotiabank,2022,31.0,University of Waterloo,4.0,,0.0,Data Science/Soft Dev,
Shopify,2025,45.0,University of Waterloo,,,5520.0,Unreported,
Shoplogic,2022,27.0,University of Waterloo,,,0.0,Unreported,
Sibros,2023,62.1,University of Waterloo,,,3864.0,Unreported,
SickKids,2024,,University of Waterloo,,,0.0,Unreported,
SideFX,2024,35.0,University of Waterloo,,,0.0,Unreported,
SideFX,2024,46.0,University of Waterloo,6.0,,0.0,Unreported,
Simplii Financial,2024,26.0,University of Waterloo,,,0.0,Product Analyst,
Skydio,2024,52.0,University of Waterloo,3.0,,0.0,Unreported,
Skydio,2024,66.24,University of Waterloo,4.0,,6900.0,Hardware,
Smile CDR,2023,36.0,University of Waterloo,3.0,,0.0,Unreported,
Snap Inc,2023,77.63,University of Waterloo,,,16560.0,Unreported,
Snowflake computing,2024,49.0,University of Waterloo,,,0.0,Unreported,
Solana Labs,2024,82.8,University of Waterloo,,,16560.0,Unreported,
SoundHound,2023,54.34,University of Waterloo,,,0.0,Unreported,
Spotwork,2023,20.0,University of Waterloo,1.0,,0.0,QA,
Spotwork,2023,22.0,University of Waterloo,2.0,,0.0,Mobile Software Engineer,
SPS Commerce,2023,30.0,University of Waterloo,3.0,,0.0,Unreported,
SPS Commerce,2024,35.0,University of Waterloo,3.0,,0.0,Unreported,
Splunk,2022,33.0,University of Waterloo,,,0.0,Unreported,
Splunk,2022,82.8,University of Waterloo,,,0.0,Unreported,
Square,2023,38.0,University of Waterloo,,,5520.0,Unreported,
Squaredance,2022,35.0,University of Waterloo,2.0,,0.0,Unreported,
Squarepoint Capital,2023,40.87,University of Waterloo,,,8280.0,Unreported,
SS&C Technologies,2022,26.0,University of Waterloo,2.0,,0.0,Unreported,
SS&C Technologies,2022,31.33,University of Waterloo,3.0,,0.0,Unreported,
SS&C Technologies,2024,38.0,University of Waterloo,4.0,,0.0,Unreported,
Stablecorp,2024,22.5,University of Waterloo,2.0,,0.0,Unreported,
Stackadapt,2022,50.0,University of Waterloo,5.0,,0.0,Unreported,
Standardbio Tools,2023,22.0,University of Waterloo,3.0,,0.0,Unreported,
Stealth Startup,2022,64.0,University of Waterloo,,,0.0,Unreported,
Stratum ai,2024,32.5,University of Waterloo,,,0.0,Unreported,
Super.com,2023,37.0,University of Waterloo,3.0,,0.0,Unreported,
Super.com,2023,39.0,University of Waterloo,5.0,,0.0,Unreported,
Sync.com,2024,20.0,University of Waterloo,,,0.0,Unreported,
System 1,2024,28.0,University of Waterloo,2.0,,0.0,Unreported,
Tactic Studios,2023,35.0,University of Waterloo,,,0.0,Unreported,
Tailscale,2023,35.0,University of Waterloo,,,0.0,Unreported,
Tealbook,2022,35.0,University of Waterloo,,,0.0,Unreported,
Tenneco,2022,20.0,University of Waterloo,1.0,,0.0,Engineering,
TD,2024,31.0,University of Waterloo,3.0,,0.0,Software Engineer,
TD,2024,27.5,University of Waterloo,2.0,,0.0,Non-swe,
TD,2022,28.0,University of Waterloo,3.0,,0.0,Product Design,
Teledyne Dalsa,2024,,University of Waterloo,,,0.0,Unreported,
Tesla,2022,32.0,University of Waterloo,,,0.0,Unspecified roles,
Tesla,2023,41.4,University of Waterloo,,,5520.0,Unspecified roles,
Tesla,2023,66.24,University of Waterloo,5.0,,4692.0,Firmware,
Tesla,2024,57.96,University of Waterloo,4.0,,3864.0,Hardware,
Texada Software,2024,21.0,University of Waterloo,1.0,,0.0,Unreported,
Texada Software,2024,32.0,University of Waterloo,4.0,,0.0,Unreported,
Texada Software,2023,25.0,University of Waterloo,3.0,,0.0,Unreported,
TextNow,2024,35.0,University of Waterloo,4.0,,1500.0,Unreported,
The Co-operators,2021,20.0,University of Waterloo,1.0,,0.0,Unreported,
theScore,2024,40.0,University of Waterloo,4.0,,0.0,Unreported,
theScore,2024,43.0,University of Waterloo,5.0,,0.0,Unreported,
Thomson Reuters,2023,34.5,University of Waterloo,,,0.0,Unreported,
Thomson Reuters,2022,31.25,University of Waterloo,3.0,,0.0,Unreported,
Thumbtack,2024,35.0,University of Waterloo,,,500.0,Unreported,
Thumbtack,2022,42.0,University of Waterloo,6.0,,2500.0,Unreported,
TikTok,2024,47.0,University of Waterloo,,,7728.0,Machine Learning Engineering,
Titanium Agency,2022,25.0,University of Waterloo,1.0,,0.0,Unreported,
Titanium Agency,2023,27.0,University of Waterloo,2.0,,0.0,Unreported,
Titanium Agency,2023,35.0,University of Waterloo,4.0,,0.0,Unreported,
Toyota Motor Manufacturing Canada,2023,,University of Waterloo,,,0.0,Unreported,
TOOLBX,2023,25.0,University of Waterloo,,,0.0,Unreported,
TOOLBX,2023,30.0,University of Waterloo,4.0,,0.0,Unreported,
TOOLBX,2023,45.0,University of Waterloo,6.0,,0.0,Unreported,
Toronto Stock Exchange (TSX),2024,25.0,University of Waterloo,2.0,,0.0,Unreported,
Tophat,2024,32.0,University of Waterloo,,,0.0,Unreported,
TTC (Toronto Transit Commission),2024,27.65,University of Waterloo,6.0,,0.0,Unreported,
Trend Micro,2024,33.0,University of Waterloo,3.0,,0.0,Software Engineer,
Tribalscale,2022,25.0,University of Waterloo,,,0.0,Unreported,
Trustwave Holdings,2022,25.0,University of Waterloo,3.0,,0.0,Unreported,
Tulip Retail,2022,20.0,University of Waterloo,2.0,,0.0,Unreported,
Tulip Retail,2022,25.0,University of Waterloo,4.0,,0.0,Unreported,
Tulip Retail,2023,30.0,University of Waterloo,6.0,,0.0,Unreported,
TutorOcean,2022,20.0,University of Waterloo,,,0.0,Unreported,
Twitter,2024,40.0,University of Waterloo,,,5520.0,Unreported,
Twitter,2024,41.25,University of Waterloo,,,16560.0,Unreported,
Uber,2022,44.0,University of Waterloo,,,8280.0,Unreported,
Ubisoft,2022,29.33,University of Waterloo,3.0,,0.0,Unreported,
UHN,2023,20.0,University of Waterloo,,,0.0,DATA Team,
Ultimate Software,2024,31.0,University of Waterloo,,,0.0,Unreported,
Ultimate Software,2024,33.0,University of Waterloo,3.0,,0.0,Unreported,
UBS,2023,24.0,University of Waterloo,2.0,,0.0,Unreported,
Untether AI,2024,22.5,University of Waterloo,,,0.0,Unreported,
Uplift,2023,38.0,University of Waterloo,,,0.0,Unreported,
Veeva Systems,2023,35.0,University of Waterloo,,,0.0,Unreported,
Vendia,2023,75.9,University of Waterloo,,,0.0,Unreported,
Veriday,2023,20.0,University of Waterloo,1.0,,0.0,Unreported,
Versa Networks,2023,55.0,University of Waterloo,5.0,,0.0,Unreported,
Versett,2023,28.5,University of Waterloo,2.0,,0.0,Unreported,
VerticalScope,2022,30.0,University of Waterloo,4.0,,0.0,Unreported,
Vidyard,2023,33.0,University of Waterloo,4.0,,0.0,Unreported,
Voiceflow,2024,47.5,University of Waterloo,,,0.0,Unreported,
Voiceform,2023,35.0,University of Waterloo,,,0.0,Unreported,
Voiceform,2024,30.0,University of Waterloo,3.0,,0.0,Unreported,
Waabi Innovation,2024,52.0,University of Waterloo,4.0,,3450.0,Unreported,
Wattpad,2023,38.98,University of Waterloo,2.0,,0.0,Unreported,
Wattpad,2022,35.0,University of Waterloo,4.0,,0.0,Unreported,
Wattpad,2023,37.0,University of Waterloo,6.0,,0.0,Unreported,
Wayfair,2023,66.24,University of Waterloo,3.0,,0.0,Unreported,
Wealthsimple,2022,64.26,University of Waterloo,4.0,,0.0,Unreported,
Wind River,2024,26.5,University of Waterloo,2.0,,0.0,Unreported,
Wind River,2022,28.0,University of Waterloo,,,0.0,Unreported,
Wish,2022,50.0,University of Waterloo,,,0.0,Unreported,
Wish,2022,44.0,University of Waterloo,2.0,,0.0,Unreported,
Wish,2024,78.5,University of Waterloo,5.0,,0.0,Unreported,
WSIB,2024,29.5,University of Waterloo,1.0,,0.0,Unreported,
WSIB,2022,30.25,University of Waterloo,2.0,,0.0,Unreported,
Xanadu,2022,30.0,University of Waterloo,1.0,,0.0,Unreported,
Yext,2023,69.0,University of Waterloo,,,6900.0,Unreported,
Yugabyte,2022,86.25,University of Waterloo,,,0.0,Unreported,
Yugabyte,2023,77.28,University of Waterloo,,,8280.0,Unreported,
Zenreach,2022,29.0,University of Waterloo,3.0,,0.0,Unreported,
Zighra,2023,40.0,University of Waterloo,,,0.0,Unreported,
Zynga,2024,31.0,University of Waterloo,,,0.0,Unreported,
